-- ============================================
-- e-CO Web Database Seed File
-- Generated: 2025-12-09
-- Description: Import this file to populate your database with test data
-- ============================================

-- Disable foreign key checks during import
SET FOREIGN_KEY_CHECKS = 0;

-- ============================================
-- Table: establishment
-- ============================================
INSERT INTO `establishment` (`id`, `name`) VALUES 
(1, 'test establishment');

-- ============================================
-- Table: language
-- ============================================
INSERT INTO `language` (`id`, `code`, `displayed_text`) VALUES 
(1, 'fr', 'Français'),
(2, 'en', 'English'),
(3, 'eu', 'Euskara');

-- ============================================
-- Table: user
-- Password for all users: "password"
-- ============================================
INSERT INTO `user` (`id`, `establishment_id`, `email`, `roles`, `password`, `first_name`, `last_name`) VALUES 
(2, 1, 'test@test.fr', '[\"USER_ROLE\"]', '$2y$13$R4zCWwSUjteSGchaD5kM4ubPlRc3okJG/ZksbHb5ai.zqKINZGAki', 'Sylvie', 'Cihigoyenetche');

-- ============================================
-- Table: course
-- ============================================
INSERT INTO `course` (`id`, `user_id`, `name`, `description`, `status`, `create_at`, `placement_completed_at`, `update_at`, `same_start_finish`) VALUES 
(1, 2, 'test', '', 'draft', '2025-12-07 20:28:21', '2025-12-07 20:28:21', '2025-12-07 20:28:21', 0),
(2, 2, 'azerty', '', 'draft', '2025-12-08 21:58:43', '2025-12-08 21:58:43', '2025-12-08 21:58:43', 0),
(3, 2, 'te', '', 'draft', '2025-12-08 22:06:41', '2025-12-08 22:06:41', '2025-12-08 22:06:41', 0);

-- ============================================
-- Table: beacon
-- ============================================
INSERT INTO `beacon` (`id`, `name`, `longitude`, `latitude`, `type`, `is_placed`, `placed_at`, `created_at`, `qr`, `description`) VALUES 
-- Course 1: test (fully placed beacons)
(1, 'Balise 1', 1.2611, 45.8336, 'control', 1, '2025-12-07 21:18:34', '2025-12-07 20:28:21', '{"type":"WAYPOINT","courseId":1,"courseName":"test","waypointId":1,"waypointName":"Balise 1","courseCreated":"2025-12-07 20:28:21"}', NULL),
(2, 'Balise 2', 1.2605, 45.8342, 'control', 1, '2025-12-07 21:18:34', '2025-12-07 20:28:21', '{"type":"WAYPOINT","courseId":1,"courseName":"test","waypointId":2,"waypointName":"Balise 2","courseCreated":"2025-12-07 20:28:21"}', NULL),
(3, 'Balise 3', 1.262, 45.833, 'control', 1, '2025-12-07 21:18:34', '2025-12-07 20:28:21', '{"type":"WAYPOINT","courseId":1,"courseName":"test","waypointId":3,"waypointName":"Balise 3","courseCreated":"2025-12-07 20:28:21"}', NULL),
(4, 'Balise 4', 1.2615, 45.8345, 'control', 1, '2025-12-07 21:18:34', '2025-12-07 20:28:21', '{"type":"WAYPOINT","courseId":1,"courseName":"test","waypointId":4,"waypointName":"Balise 4","courseCreated":"2025-12-07 20:28:21"}', NULL),
(5, 'Balise 5', 1.2608, 45.8328, 'control', 1, '2025-12-07 21:18:34', '2025-12-07 20:28:21', '{"type":"WAYPOINT","courseId":1,"courseName":"test","waypointId":5,"waypointName":"Balise 5","courseCreated":"2025-12-07 20:28:21"}', NULL),
(6, 'Départ', 1.2612, 45.8338, 'start', 1, '2025-12-07 21:18:34', '2025-12-07 20:28:21', '{"type":"START","courseId":1,"courseName":"test","waypointId":6,"waypointName":"Départ","courseCreated":"2025-12-07 20:28:21"}', NULL),
(7, 'Arrivée', 1.2613, 45.8339, 'finish', 1, '2025-12-07 21:18:34', '2025-12-07 20:28:21', '{"type":"FINISH","courseId":1,"courseName":"test","waypointId":7,"waypointName":"Arrivée","courseCreated":"2025-12-07 20:28:21"}', NULL),
-- Course 2: azerty (not placed)
(8, 'Balise 1', 0, 0, 'control', 0, NULL, '2025-12-08 21:58:43', '{"type":"WAYPOINT","courseId":2,"courseName":"azerty","waypointId":8,"waypointName":"Balise 1","courseCreated":"2025-12-08 21:58:43"}', NULL),
(9, 'Balise 2', 0, 0, 'control', 0, NULL, '2025-12-08 21:58:43', '{"type":"WAYPOINT","courseId":2,"courseName":"azerty","waypointId":9,"waypointName":"Balise 2","courseCreated":"2025-12-08 21:58:43"}', NULL),
(10, 'Balise 3', 0, 0, 'control', 0, NULL, '2025-12-08 21:58:43', '{"type":"WAYPOINT","courseId":2,"courseName":"azerty","waypointId":10,"waypointName":"Balise 3","courseCreated":"2025-12-08 21:58:43"}', NULL),
(11, 'Balise 4', 0, 0, 'control', 0, NULL, '2025-12-08 21:58:43', '{"type":"WAYPOINT","courseId":2,"courseName":"azerty","waypointId":11,"waypointName":"Balise 4","courseCreated":"2025-12-08 21:58:43"}', NULL),
(12, 'Balise 5', 0, 0, 'control', 0, NULL, '2025-12-08 21:58:43', '{"type":"WAYPOINT","courseId":2,"courseName":"azerty","waypointId":12,"waypointName":"Balise 5","courseCreated":"2025-12-08 21:58:43"}', NULL),
(13, 'Départ', 0, 0, 'start', 0, NULL, '2025-12-08 21:58:43', '{"type":"START","courseId":2,"courseName":"azerty","waypointId":13,"waypointName":"Départ","courseCreated":"2025-12-08 21:58:43"}', NULL),
(14, 'Arrivée', 0, 0, 'finish', 0, NULL, '2025-12-08 21:58:43', '', NULL),
-- Course 3: te (not placed)
(15, 'bite', 0, 0, 'control', 0, NULL, '2025-12-08 22:06:41', '{"type":"WAYPOINT","courseId":3,"courseName":"te","waypointId":15,"waypointName":"bite","courseCreated":"2025-12-08 22:06:41"}', NULL),
(16, 'Départ', 0, 0, 'start', 0, NULL, '2025-12-08 22:06:41', '{"type":"START","courseId":3,"courseName":"te","waypointId":16,"waypointName":"Départ","courseCreated":"2025-12-08 22:06:41"}', NULL),
(17, 'Arrivée', 0, 0, 'finish', 0, NULL, '2025-12-08 22:06:41', '{"type":"FINISH","courseId":3,"courseName":"te","waypointId":17,"waypointName":"Arrivée","courseCreated":"2025-12-08 22:06:41"}', NULL);

-- ============================================
-- Table: beacon_course (junction table)
-- ============================================
INSERT INTO `beacon_course` (`beacon_id`, `course_id`) VALUES 
(1, 1), (2, 1), (3, 1), (4, 1), (5, 1), (6, 1), (7, 1),
(8, 2), (9, 2), (10, 2), (11, 2), (12, 2), (13, 2), (14, 2),
(15, 3), (16, 3), (17, 3);

-- ============================================
-- Table: session
-- ============================================
INSERT INTO `session` (`id`, `course_id`, `session_name`, `nb_runner`, `session_start`, `session_end`) VALUES 
(1, 1, 'machin', 2, '2025-12-24 22:16:32', '2025-12-25 22:16:25');

-- ============================================
-- Table: runner
-- ============================================
INSERT INTO `runner` (`id`, `session_id`, `name`, `departure`, `arrival`) VALUES 
(1, 1, 'Pierre Dupont', '2025-12-07 09:00:00', '2025-12-07 09:45:00'),
(2, 1, 'Marie Martin', '2025-12-07 09:05:00', '2025-12-07 09:42:00'),
(3, 1, 'Thomas Leroy', '2025-12-07 09:20:00', '2025-12-07 10:05:00'),
(4, 1, 'Lucas Bernard', '2025-12-07 09:10:00', '2025-12-07 09:55:00'),
(5, 1, 'Sophie Dubois', '2025-12-07 09:15:00', '2025-12-07 09:50:00');

-- ============================================
-- Table: log_session (GPS tracking and beacon scans)
-- ============================================
INSERT INTO `log_session` (`id`, `runner_id`, `type`, `time`, `latitude`, `longitude`, `additional_data`) VALUES 
-- Runner 1: Pierre Dupont
(1, 1, 'gps', '2025-12-07 09:00:00', 45.8338, 1.2612, NULL),
(2, 1, 'beacon_scan', '2025-12-07 09:00:00', 45.8338, 1.2612, '6'),
(3, 1, 'gps', '2025-12-07 09:02:00', 45.8337, 1.2613, NULL),
(4, 1, 'gps', '2025-12-07 09:04:00', 45.8337, 1.2612, NULL),
(5, 1, 'gps', '2025-12-07 09:06:00', 45.8336, 1.2612, NULL),
(6, 1, 'gps', '2025-12-07 09:08:00', 45.8336, 1.2611, NULL),
(7, 1, 'gps', '2025-12-07 09:10:00', 45.8336, 1.2611, NULL),
(8, 1, 'beacon_scan', '2025-12-07 09:11:00', 45.8336, 1.2611, '1'),
(9, 1, 'gps', '2025-12-07 09:13:00', 45.8337, 1.261, NULL),
(10, 1, 'gps', '2025-12-07 09:15:00', 45.8338, 1.2609, NULL),
(11, 1, 'gps', '2025-12-07 09:17:00', 45.834, 1.2607, NULL),
(12, 1, 'gps', '2025-12-07 09:19:00', 45.8341, 1.2606, NULL),
(13, 1, 'gps', '2025-12-07 09:21:00', 45.8342, 1.2605, NULL),
(14, 1, 'beacon_scan', '2025-12-07 09:21:00', 45.8342, 1.2605, '2'),
(15, 1, 'gps', '2025-12-07 09:23:00', 45.834, 1.2608, NULL),
(16, 1, 'gps', '2025-12-07 09:25:00', 45.8338, 1.2612, NULL),
(17, 1, 'gps', '2025-12-07 09:27:00', 45.8335, 1.2615, NULL),
(18, 1, 'gps', '2025-12-07 09:29:00', 45.8332, 1.2618, NULL),
(19, 1, 'gps', '2025-12-07 09:31:00', 45.833, 1.262, NULL),
(20, 1, 'beacon_scan', '2025-12-07 09:31:00', 45.833, 1.262, '3'),
(21, 1, 'gps', '2025-12-07 09:33:00', 45.8332, 1.2618, NULL),
(22, 1, 'gps', '2025-12-07 09:35:00', 45.8334, 1.2616, NULL),
(23, 1, 'gps', '2025-12-07 09:37:00', 45.8336, 1.2615, NULL),
(24, 1, 'gps', '2025-12-07 09:39:00', 45.8337, 1.2614, NULL),
(25, 1, 'gps', '2025-12-07 09:41:00', 45.8338, 1.2613, NULL),
(26, 1, 'gps', '2025-12-07 09:43:00', 45.8338, 1.2613, NULL),
(27, 1, 'gps', '2025-12-07 09:45:00', 45.8339, 1.2613, NULL),
(28, 1, 'beacon_scan', '2025-12-07 09:45:00', 45.8339, 1.2613, '7'),
(116, 1, 'gps', '2025-12-07 09:01:00', 45.8338, 1.2612, NULL),
(117, 1, 'gps', '2025-12-07 09:03:00', 45.8337, 1.2612, NULL),
(118, 1, 'gps', '2025-12-07 09:05:00', 45.8337, 1.2612, NULL),
(119, 1, 'gps', '2025-12-07 09:07:00', 45.8336, 1.2612, NULL),
(120, 1, 'gps', '2025-12-07 09:09:00', 45.8336, 1.2611, NULL),
(121, 1, 'gps', '2025-12-07 09:12:00', 45.8337, 1.2611, NULL),
(122, 1, 'gps', '2025-12-07 09:14:00', 45.8337, 1.261, NULL),
(123, 1, 'gps', '2025-12-07 09:16:00', 45.8339, 1.2608, NULL),
(124, 1, 'gps', '2025-12-07 09:18:00', 45.834, 1.2607, NULL),
(125, 1, 'gps', '2025-12-07 09:20:00', 45.8341, 1.2606, NULL),
(126, 1, 'gps', '2025-12-07 09:22:00', 45.8341, 1.2607, NULL),
(127, 1, 'gps', '2025-12-07 09:24:00', 45.8339, 1.261, NULL),
(128, 1, 'gps', '2025-12-07 09:26:00', 45.8337, 1.2613, NULL),
(129, 1, 'gps', '2025-12-07 09:28:00', 45.8334, 1.2617, NULL),
(130, 1, 'gps', '2025-12-07 09:30:00', 45.8331, 1.2619, NULL),
(131, 1, 'gps', '2025-12-07 09:32:00', 45.8331, 1.2619, NULL),
(132, 1, 'gps', '2025-12-07 09:34:00', 45.8333, 1.2617, NULL),
(133, 1, 'gps', '2025-12-07 09:36:00', 45.8335, 1.2616, NULL),
(134, 1, 'gps', '2025-12-07 09:38:00', 45.8337, 1.2615, NULL),
(135, 1, 'gps', '2025-12-07 09:40:00', 45.8337, 1.2614, NULL),
(136, 1, 'gps', '2025-12-07 09:42:00', 45.8338, 1.2613, NULL),
(137, 1, 'gps', '2025-12-07 09:44:00', 45.8339, 1.2613, NULL),
-- Runner 2: Marie Martin
(29, 2, 'gps', '2025-12-07 09:05:00', 45.8338, 1.2612, NULL),
(30, 2, 'beacon_scan', '2025-12-07 09:05:00', 45.8338, 1.2612, '6'),
(31, 2, 'gps', '2025-12-07 09:07:00', 45.8337, 1.2612, NULL),
(32, 2, 'gps', '2025-12-07 09:09:00', 45.8337, 1.2611, NULL),
(33, 2, 'gps', '2025-12-07 09:11:00', 45.8336, 1.2611, NULL),
(34, 2, 'gps', '2025-12-07 09:12:00', 45.8336, 1.2611, NULL),
(35, 2, 'beacon_scan', '2025-12-07 09:12:00', 45.8336, 1.2611, '1'),
(36, 2, 'gps', '2025-12-07 09:14:00', 45.8338, 1.2613, NULL),
(37, 2, 'gps', '2025-12-07 09:16:00', 45.834, 1.2614, NULL),
(38, 2, 'gps', '2025-12-07 09:18:00', 45.8342, 1.2615, NULL),
(39, 2, 'gps', '2025-12-07 09:20:00', 45.8344, 1.2615, NULL),
(40, 2, 'gps', '2025-12-07 09:22:00', 45.8345, 1.2615, NULL),
(41, 2, 'beacon_scan', '2025-12-07 09:22:00', 45.833, 1.2605, '4'),
(42, 2, 'gps', '2025-12-07 09:24:00', 45.8344, 1.2614, NULL),
(43, 2, 'gps', '2025-12-07 09:26:00', 45.8343, 1.2614, NULL),
(44, 2, 'gps', '2025-12-07 09:30:00', 45.8341, 1.2613, NULL),
(45, 2, 'gps', '2025-12-07 09:35:00', 45.834, 1.2613, NULL),
(46, 2, 'gps', '2025-12-07 09:40:00', 45.8339, 1.2613, NULL),
(47, 2, 'gps', '2025-12-07 09:42:00', 45.8339, 1.2613, NULL),
(48, 2, 'beacon_scan', '2025-12-07 09:42:00', 45.8339, 1.2613, '7'),
(138, 2, 'gps', '2025-12-07 09:06:00', 45.8338, 1.2612, NULL),
(139, 2, 'gps', '2025-12-07 09:08:00', 45.8337, 1.2612, NULL),
(140, 2, 'gps', '2025-12-07 09:10:00', 45.8337, 1.2611, NULL),
(141, 2, 'gps', '2025-12-07 09:13:00', 45.8337, 1.2611, NULL),
(142, 2, 'gps', '2025-12-07 09:15:00', 45.8339, 1.2613, NULL),
(143, 2, 'gps', '2025-12-07 09:17:00', 45.8341, 1.2614, NULL),
(144, 2, 'gps', '2025-12-07 09:19:00', 45.8343, 1.2615, NULL),
(145, 2, 'gps', '2025-12-07 09:21:00', 45.8344, 1.2615, NULL),
(146, 2, 'gps', '2025-12-07 09:23:00', 45.8344, 1.2615, NULL),
(147, 2, 'gps', '2025-12-07 09:25:00', 45.8343, 1.2614, NULL),
(148, 2, 'gps', '2025-12-07 09:28:00', 45.8342, 1.2614, NULL),
(149, 2, 'gps', '2025-12-07 09:32:00', 45.8341, 1.2613, NULL),
(150, 2, 'gps', '2025-12-07 09:37:00', 45.834, 1.2613, NULL),
(151, 2, 'gps', '2025-12-07 09:41:00', 45.8339, 1.2613, NULL),
-- Runner 3: Thomas Leroy
(49, 3, 'gps', '2025-12-07 09:20:00', 45.8338, 1.2612, NULL),
(50, 3, 'beacon_scan', '2025-12-07 09:20:00', 45.8338, 1.2612, '6'),
(51, 3, 'gps', '2025-12-07 09:22:00', 45.8338, 1.2612, NULL),
(52, 3, 'gps', '2025-12-07 09:24:00', 45.8337, 1.2612, NULL),
(53, 3, 'gps', '2025-12-07 09:26:00', 45.8337, 1.2611, NULL),
(54, 3, 'gps', '2025-12-07 09:28:00', 45.8336, 1.2611, NULL),
(55, 3, 'gps', '2025-12-07 09:30:00', 45.8336, 1.2611, NULL),
(56, 3, 'gps', '2025-12-07 09:32:00', 45.8336, 1.2611, NULL),
(57, 3, 'gps', '2025-12-07 09:34:00', 45.8336, 1.2611, NULL),
(58, 3, 'gps', '2025-12-07 09:35:00', 45.8336, 1.2611, NULL),
(59, 3, 'beacon_scan', '2025-12-07 09:35:00', 45.8336, 1.2611, '1'),
(60, 3, 'gps', '2025-12-07 09:37:00', 45.8337, 1.261, NULL),
(61, 3, 'gps', '2025-12-07 09:39:00', 45.8339, 1.2608, NULL),
(62, 3, 'gps', '2025-12-07 09:41:00', 45.834, 1.2607, NULL),
(63, 3, 'gps', '2025-12-07 09:43:00', 45.8341, 1.2606, NULL),
(64, 3, 'gps', '2025-12-07 09:45:00', 45.8342, 1.2605, NULL),
(65, 3, 'gps', '2025-12-07 09:47:00', 45.8342, 1.2605, NULL),
(66, 3, 'gps', '2025-12-07 09:48:00', 45.8342, 1.2605, NULL),
(67, 3, 'beacon_scan', '2025-12-07 09:48:00', 45.8342, 1.2605, '2'),
(68, 3, 'gps', '2025-12-07 09:50:00', 45.8341, 1.2607, NULL),
(69, 3, 'gps', '2025-12-07 09:52:00', 45.834, 1.2609, NULL),
(70, 3, 'gps', '2025-12-07 09:55:00', 45.8339, 1.2611, NULL),
(71, 3, 'gps', '2025-12-07 09:58:00', 45.8339, 1.2612, NULL),
(72, 3, 'gps', '2025-12-07 10:02:00', 45.8339, 1.2613, NULL),
(73, 3, 'gps', '2025-12-07 10:05:00', 45.8339, 1.2613, NULL),
(74, 3, 'beacon_scan', '2025-12-07 10:05:00', 45.8339, 1.2613, '7'),
(152, 3, 'gps', '2025-12-07 09:21:00', 45.8338, 1.2612, NULL),
(153, 3, 'gps', '2025-12-07 09:23:00', 45.8338, 1.2612, NULL),
(154, 3, 'gps', '2025-12-07 09:25:00', 45.8337, 1.2611, NULL),
(155, 3, 'gps', '2025-12-07 09:27:00', 45.8337, 1.2611, NULL),
(156, 3, 'gps', '2025-12-07 09:29:00', 45.8336, 1.2611, NULL),
(157, 3, 'gps', '2025-12-07 09:31:00', 45.8336, 1.2611, NULL),
(158, 3, 'gps', '2025-12-07 09:33:00', 45.8336, 1.2611, NULL),
(159, 3, 'gps', '2025-12-07 09:36:00', 45.8337, 1.2611, NULL),
(160, 3, 'gps', '2025-12-07 09:38:00', 45.8338, 1.2609, NULL),
(161, 3, 'gps', '2025-12-07 09:40:00', 45.834, 1.2607, NULL),
(162, 3, 'gps', '2025-12-07 09:42:00', 45.8341, 1.2606, NULL),
(163, 3, 'gps', '2025-12-07 09:44:00', 45.8341, 1.2606, NULL),
(164, 3, 'gps', '2025-12-07 09:46:00', 45.8342, 1.2605, NULL),
(165, 3, 'gps', '2025-12-07 09:49:00', 45.8342, 1.2605, NULL),
(166, 3, 'gps', '2025-12-07 09:51:00', 45.8341, 1.2608, NULL),
(167, 3, 'gps', '2025-12-07 09:53:00', 45.834, 1.261, NULL),
(168, 3, 'gps', '2025-12-07 09:56:00', 45.8339, 1.2611, NULL),
(169, 3, 'gps', '2025-12-07 09:59:00', 45.8339, 1.2612, NULL),
(170, 3, 'gps', '2025-12-07 10:01:00', 45.8339, 1.2612, NULL),
(171, 3, 'gps', '2025-12-07 10:03:00', 45.8339, 1.2613, NULL),
(172, 3, 'gps', '2025-12-07 10:04:00', 45.8339, 1.2613, NULL),
-- Runner 4: Lucas Bernard
(75, 4, 'gps', '2025-12-07 09:10:00', 45.8338, 1.2612, NULL),
(76, 4, 'beacon_scan', '2025-12-07 09:10:00', 45.8338, 1.2612, '6'),
(77, 4, 'gps', '2025-12-07 09:12:00', 45.8339, 1.2611, NULL),
(78, 4, 'gps', '2025-12-07 09:14:00', 45.834, 1.2609, NULL),
(79, 4, 'gps', '2025-12-07 09:16:00', 45.8341, 1.2607, NULL),
(80, 4, 'gps', '2025-12-07 09:18:00', 45.8342, 1.2606, NULL),
(81, 4, 'gps', '2025-12-07 09:20:00', 45.8342, 1.2605, NULL),
(82, 4, 'gps', '2025-12-07 09:22:00', 45.8342, 1.2605, NULL),
(83, 4, 'gps', '2025-12-07 09:25:00', 45.8342, 1.2605, NULL),
(84, 4, 'beacon_scan', '2025-12-07 09:25:00', 45.8345, 1.262, '2'),
(85, 4, 'gps', '2025-12-07 09:27:00', 45.834, 1.2606, NULL),
(86, 4, 'gps', '2025-12-07 09:30:00', 45.8336, 1.2607, NULL),
(87, 4, 'gps', '2025-12-07 09:33:00', 45.8332, 1.2608, NULL),
(88, 4, 'gps', '2025-12-07 09:36:00', 45.833, 1.2608, NULL),
(89, 4, 'gps', '2025-12-07 09:38:00', 45.8329, 1.2608, NULL),
(90, 4, 'gps', '2025-12-07 09:40:00', 45.8328, 1.2608, NULL),
(91, 4, 'beacon_scan', '2025-12-07 09:40:00', 45.832, 1.26, '5'),
(92, 4, 'gps', '2025-12-07 09:42:00', 45.833, 1.261, NULL),
(93, 4, 'gps', '2025-12-07 09:45:00', 45.8333, 1.2611, NULL),
(94, 4, 'gps', '2025-12-07 09:48:00', 45.8336, 1.2612, NULL),
(95, 4, 'gps', '2025-12-07 09:52:00', 45.8338, 1.2613, NULL),
(96, 4, 'gps', '2025-12-07 09:55:00', 45.8339, 1.2613, NULL),
(97, 4, 'beacon_scan', '2025-12-07 09:55:00', 45.8339, 1.2613, '7'),
(173, 4, 'gps', '2025-12-07 09:11:00', 45.8338, 1.2611, NULL),
(174, 4, 'gps', '2025-12-07 09:13:00', 45.834, 1.261, NULL),
(175, 4, 'gps', '2025-12-07 09:15:00', 45.834, 1.2608, NULL),
(176, 4, 'gps', '2025-12-07 09:17:00', 45.8341, 1.2607, NULL),
(177, 4, 'gps', '2025-12-07 09:19:00', 45.8342, 1.2606, NULL),
(178, 4, 'gps', '2025-12-07 09:21:00', 45.8342, 1.2605, NULL),
(179, 4, 'gps', '2025-12-07 09:23:00', 45.8342, 1.2605, NULL),
(180, 4, 'gps', '2025-12-07 09:24:00', 45.8342, 1.2605, NULL),
(181, 4, 'gps', '2025-12-07 09:26:00', 45.8341, 1.2606, NULL),
(182, 4, 'gps', '2025-12-07 09:28:00', 45.8338, 1.2607, NULL),
(183, 4, 'gps', '2025-12-07 09:31:00', 45.8334, 1.2607, NULL),
(184, 4, 'gps', '2025-12-07 09:34:00', 45.8331, 1.2608, NULL),
(185, 4, 'gps', '2025-12-07 09:37:00', 45.8329, 1.2608, NULL),
(186, 4, 'gps', '2025-12-07 09:39:00', 45.8328, 1.2608, NULL),
(187, 4, 'gps', '2025-12-07 09:41:00', 45.8329, 1.2609, NULL),
(188, 4, 'gps', '2025-12-07 09:43:00', 45.8331, 1.261, NULL),
(189, 4, 'gps', '2025-12-07 09:46:00', 45.8334, 1.2611, NULL),
(190, 4, 'gps', '2025-12-07 09:49:00', 45.8336, 1.2612, NULL),
(191, 4, 'gps', '2025-12-07 09:51:00', 45.8337, 1.2612, NULL),
(192, 4, 'gps', '2025-12-07 09:53:00', 45.8338, 1.2613, NULL),
(193, 4, 'gps', '2025-12-07 09:54:00', 45.8339, 1.2613, NULL),
-- Runner 5: Sophie Dubois
(98, 5, 'gps', '2025-12-07 09:15:00', 45.8338, 1.2612, NULL),
(99, 5, 'beacon_scan', '2025-12-07 09:15:00', 45.8338, 1.2612, '6'),
(100, 5, 'gps', '2025-12-07 09:17:00', 45.8337, 1.2613, NULL),
(101, 5, 'gps', '2025-12-07 09:19:00', 45.8335, 1.2615, NULL),
(102, 5, 'gps', '2025-12-07 09:21:00', 45.8333, 1.2617, NULL),
(103, 5, 'gps', '2025-12-07 09:23:00', 45.8331, 1.2619, NULL),
(104, 5, 'gps', '2025-12-07 09:25:00', 45.833, 1.262, NULL),
(105, 5, 'gps', '2025-12-07 09:27:00', 45.833, 1.262, NULL),
(106, 5, 'gps', '2025-12-07 09:28:00', 45.833, 1.262, NULL),
(107, 5, 'beacon_scan', '2025-12-07 09:28:00', 45.833, 1.262, '3'),
(108, 5, 'gps', '2025-12-07 09:30:00', 45.8332, 1.2618, NULL),
(109, 5, 'gps', '2025-12-07 09:33:00', 45.8334, 1.2616, NULL),
(110, 5, 'gps', '2025-12-07 09:36:00', 45.8336, 1.2615, NULL),
(111, 5, 'gps', '2025-12-07 09:40:00', 45.8337, 1.2614, NULL),
(112, 5, 'gps', '2025-12-07 09:45:00', 45.8338, 1.2613, NULL),
(113, 5, 'gps', '2025-12-07 09:48:00', 45.8339, 1.2613, NULL),
(114, 5, 'gps', '2025-12-07 09:50:00', 45.8339, 1.2613, NULL),
(115, 5, 'beacon_scan', '2025-12-07 09:50:00', 45.8339, 1.2613, '7'),
(194, 5, 'gps', '2025-12-07 09:16:00', 45.8338, 1.2613, NULL),
(195, 5, 'gps', '2025-12-07 09:18:00', 45.8336, 1.2614, NULL),
(196, 5, 'gps', '2025-12-07 09:20:00', 45.8334, 1.2616, NULL),
(197, 5, 'gps', '2025-12-07 09:22:00', 45.8332, 1.2618, NULL),
(198, 5, 'gps', '2025-12-07 09:24:00', 45.8331, 1.2619, NULL),
(199, 5, 'gps', '2025-12-07 09:26:00', 45.833, 1.262, NULL),
(200, 5, 'gps', '2025-12-07 09:29:00', 45.833, 1.262, NULL),
(201, 5, 'gps', '2025-12-07 09:31:00', 45.8331, 1.2619, NULL),
(202, 5, 'gps', '2025-12-07 09:34:00', 45.8333, 1.2617, NULL),
(203, 5, 'gps', '2025-12-07 09:37:00', 45.8335, 1.2615, NULL),
(204, 5, 'gps', '2025-12-07 09:39:00', 45.8337, 1.2614, NULL),
(205, 5, 'gps', '2025-12-07 09:42:00', 45.8337, 1.2614, NULL),
(206, 5, 'gps', '2025-12-07 09:46:00', 45.8338, 1.2613, NULL),
(207, 5, 'gps', '2025-12-07 09:49:00', 45.8339, 1.2613, NULL);

-- ============================================
-- Table: doctrine_migration_versions
-- ============================================
INSERT INTO `doctrine_migration_versions` (`version`, `executed_at`, `execution_time`) VALUES 
('DoctrineMigrations\\Version20251128155303', '2025-12-07 19:29:29', 3049);

-- Re-enable foreign key checks
SET FOREIGN_KEY_CHECKS = 1;

-- ============================================
-- IMPORT INSTRUCTIONS
-- ============================================
-- To import this file into your MySQL database:
--
-- Method 1: Using Docker Compose (Recommended)
-- docker compose exec database mysql -u app -p'!ChangeMe!' app < database_seed.sql
--
-- Method 2: Using phpMyAdmin
-- 1. Access phpMyAdmin at http://localhost:8088
-- 2. Select the 'app' database
-- 3. Go to 'Import' tab
-- 4. Choose this file and click 'Go'
--
-- Method 3: Using MySQL client
-- mysql -h localhost -P 65041 -u app -p'!ChangeMe!' app < database_seed.sql
--
-- ============================================
-- CREDENTIALS
-- ============================================
-- Test User :
--   Email: test@test.fr
--   Password: password
--   Name: Sylvie Cihigoyenetche
--
-- Database:
--   Host: localhost (or database from Docker network)
--   Port: 65041 (external) / 3306 (internal)
--   User: app
--   Password: !ChangeMe!
--   Database: app
-- ============================================
